Year,Species,Density_sqmi,Density_sqkm
2002,BUFF,2.907454966,1.122660719
2002,HOME,0.005712092,0.00220562
2002,MERG,0.017136277,0.006616861
2002,REDH,53.12245812,20.51226854
2002,RUDU,0.068545107,0.026467443
2002,SCAU,55.52153687,21.43862906
2002,SCOT,0.474103659,there are a lot of ducks